<annotation>
	<folder>my-project-name</folder>
	<filename>IMG20220810151516.jpg</filename>
	<path>/my-project-name/IMG20220810151516.jpg</path>
	<source>
		<database>Unspecified</database>
	</source>
	<size>
		<width>2016</width>
		<height>4480</height>
		<depth>3</depth>
	</size>
	<object>
		<name>Sony-SRS XB13</name>
		<pose>Unspecified</pose>
		<truncated>0</truncated>
		<difficult>0</difficult>
		<bndbox>
			<xmin>1</xmin>
			<ymin>712</ymin>
			<xmax>1645</xmax>
			<ymax>2362</ymax>
		</bndbox>
	</object>
</annotation>